{
  "mental_clarity": {
    "unified_range": 8.6149977305782,
    "unified_avg_delta": 1.4419250490205506,
    "unified_max_delta": 5.206429251043037,
    "unified_std": 2.770079661328548,
    "intensity_range": 12.443402740042373,
    "intensity_avg_delta": 1.6760999456875385,
    "intensity_max_delta": 6.878344861361185,
    "harmony_range": 4.576568785837197,
    "harmony_avg_delta": 0.7666004391857272,
    "harmony_max_delta": 2.8169436298495256,
    "days_stable": 12,
    "days_slow": 1,
    "days_moderate": 0,
    "days_rapid": 0
  },
  "focus": {
    "unified_range": 56.324376871710044,
    "unified_avg_delta": 11.830152817009886,
    "unified_max_delta": 26.59053951769198,
    "unified_std": 14.449443958330518,
    "intensity_range": 15.2739280217194,
    "intensity_avg_delta": 2.4857938276711318,
    "intensity_max_delta": 7.566978503141456,
    "harmony_range": 43.56932202693119,
    "harmony_avg_delta": 8.003158187047738,
    "harmony_max_delta": 19.17447058064215,
    "days_stable": 3,
    "days_slow": 0,
    "days_moderate": 9,
    "days_rapid": 1
  },
  "communication": {
    "unified_range": 48.987547644597804,
    "unified_avg_delta": 10.071225665843127,
    "unified_max_delta": 36.04462855241475,
    "unified_std": 15.22805864003832,
    "intensity_range": 4.230455810009062,
    "intensity_avg_delta": 0.5479476472939206,
    "intensity_max_delta": 1.304472733968268,
    "harmony_range": 33.25519447279593,
    "harmony_avg_delta": 6.956535993673378,
    "harmony_max_delta": 26.20357638565264,
    "days_stable": 4,
    "days_slow": 5,
    "days_moderate": 2,
    "days_rapid": 2
  },
  "love": {
    "unified_range": 22.294205537799414,
    "unified_avg_delta": 4.287643002476677,
    "unified_max_delta": 10.003807478597082,
    "unified_std": 6.173013518204495,
    "intensity_range": 24.52774366398657,
    "intensity_avg_delta": 7.872527304840085,
    "intensity_max_delta": 24.52774366398657,
    "harmony_range": 35.335557074244484,
    "harmony_avg_delta": 8.125644998990008,
    "harmony_max_delta": 20.618129300089684,
    "days_stable": 10,
    "days_slow": 2,
    "days_moderate": 1,
    "days_rapid": 0
  },
  "inner_stability": {
    "unified_range": 36.066717552042356,
    "unified_avg_delta": 5.7744295073654435,
    "unified_max_delta": 18.555521564447282,
    "unified_std": 8.298922770783262,
    "intensity_range": 20.289392711021037,
    "intensity_avg_delta": 6.299878660852727,
    "intensity_max_delta": 16.61184261206141,
    "harmony_range": 58.138393286557964,
    "harmony_avg_delta": 11.011954378351248,
    "harmony_max_delta": 41.645514102946215,
    "days_stable": 9,
    "days_slow": 2,
    "days_moderate": 2,
    "days_rapid": 0
  },
  "sensitivity": {
    "unified_range": 25.734727250747355,
    "unified_avg_delta": 4.330813286229051,
    "unified_max_delta": 9.237427958811466,
    "unified_std": 6.627706010724709,
    "intensity_range": 23.338622500041936,
    "intensity_avg_delta": 7.840070808840483,
    "intensity_max_delta": 19.029892200254167,
    "harmony_range": 43.35606797797993,
    "harmony_avg_delta": 8.86480267850673,
    "harmony_max_delta": 34.412798440893155,
    "days_stable": 10,
    "days_slow": 3,
    "days_moderate": 0,
    "days_rapid": 0
  },
  "vitality": {
    "unified_range": 20.178666989559503,
    "unified_avg_delta": 4.092643970889371,
    "unified_max_delta": 12.406379229366486,
    "unified_std": 5.304165515329716,
    "intensity_range": 13.017993645042296,
    "intensity_avg_delta": 4.1164333066018965,
    "intensity_max_delta": 8.582723297157926,
    "harmony_range": 14.13736291563368,
    "harmony_avg_delta": 2.826826496981904,
    "harmony_max_delta": 9.006261873039701,
    "days_stable": 8,
    "days_slow": 4,
    "days_moderate": 1,
    "days_rapid": 0
  },
  "drive": {
    "unified_range": 30.937468470967264,
    "unified_avg_delta": 6.838812691367895,
    "unified_max_delta": 21.263603614497857,
    "unified_std": 7.949820256236461,
    "intensity_range": 26.171982826934702,
    "intensity_avg_delta": 3.638454608370819,
    "intensity_max_delta": 10.678283840217723,
    "harmony_range": 21.564634377182042,
    "harmony_avg_delta": 4.417647660455339,
    "harmony_max_delta": 15.981459275548847,
    "days_stable": 5,
    "days_slow": 7,
    "days_moderate": 0,
    "days_rapid": 1
  },
  "wellness": {
    "unified_range": 11.564313364869562,
    "unified_avg_delta": 2.7255004776545415,
    "unified_max_delta": 6.254319366710476,
    "unified_std": 2.7657483344962186,
    "intensity_range": 10.354585668426623,
    "intensity_avg_delta": 4.9312067778105915,
    "intensity_max_delta": 10.3082121097774,
    "harmony_range": 19.637221782263467,
    "harmony_avg_delta": 7.3795701796926005,
    "harmony_max_delta": 14.791819418651741,
    "days_stable": 11,
    "days_slow": 2,
    "days_moderate": 0,
    "days_rapid": 0
  },
  "purpose": {
    "unified_range": 27.245928806325807,
    "unified_avg_delta": 4.29656195748008,
    "unified_max_delta": 15.760176323013493,
    "unified_std": 7.637787754910492,
    "intensity_range": 25.533261060413196,
    "intensity_avg_delta": 3.2944692918621024,
    "intensity_max_delta": 11.39451847965013,
    "harmony_range": 17.236766749524975,
    "harmony_avg_delta": 2.6584152637663596,
    "harmony_max_delta": 10.775082701534725,
    "days_stable": 9,
    "days_slow": 3,
    "days_moderate": 1,
    "days_rapid": 0
  },
  "connection": {
    "unified_range": 18.94182495131458,
    "unified_avg_delta": 5.4457593357741,
    "unified_max_delta": 14.102600053110322,
    "unified_std": 5.612099254108338,
    "intensity_range": 22.008529606906386,
    "intensity_avg_delta": 6.695496884951934,
    "intensity_max_delta": 17.900116086068543,
    "harmony_range": 10.855700943928412,
    "harmony_avg_delta": 2.1341430288618253,
    "harmony_max_delta": 9.239431393522565,
    "days_stable": 6,
    "days_slow": 5,
    "days_moderate": 2,
    "days_rapid": 0
  },
  "intuition": {
    "unified_range": 29.512134439491913,
    "unified_avg_delta": 9.63389328800927,
    "unified_max_delta": 18.14353807946497,
    "unified_std": 7.786312069398477,
    "intensity_range": 31.40097425834026,
    "intensity_avg_delta": 12.702753830082417,
    "intensity_max_delta": 28.26676592478523,
    "harmony_range": 32.282461277560074,
    "harmony_avg_delta": 9.014029395409883,
    "harmony_max_delta": 26.4676761182668,
    "days_stable": 3,
    "days_slow": 3,
    "days_moderate": 7,
    "days_rapid": 0
  },
  "creativity": {
    "unified_range": 40.2453102327361,
    "unified_avg_delta": 7.786836317346555,
    "unified_max_delta": 20.5401339161018,
    "unified_std": 10.478811771572591,
    "intensity_range": 11.613974775190925,
    "intensity_avg_delta": 3.386570104178068,
    "intensity_max_delta": 6.9046390612364945,
    "harmony_range": 48.47817749011148,
    "harmony_avg_delta": 10.17221086912963,
    "harmony_max_delta": 22.181511715273373,
    "days_stable": 4,
    "days_slow": 5,
    "days_moderate": 3,
    "days_rapid": 1
  },
  "opportunities": {
    "unified_range": 20.54288416994714,
    "unified_avg_delta": 5.719298300179152,
    "unified_max_delta": 14.478841962027008,
    "unified_std": 5.326622017822449,
    "intensity_range": 14.499165252621982,
    "intensity_avg_delta": 4.355794090721496,
    "intensity_max_delta": 11.123858730860274,
    "harmony_range": 39.65949759791618,
    "harmony_avg_delta": 5.358419171791383,
    "harmony_max_delta": 22.934878683448666,
    "days_stable": 7,
    "days_slow": 4,
    "days_moderate": 2,
    "days_rapid": 0
  },
  "career": {
    "unified_range": 17.087170088715567,
    "unified_avg_delta": 2.215007977317226,
    "unified_max_delta": 4.742663272731985,
    "unified_std": 4.377727357573014,
    "intensity_range": 12.236664471559976,
    "intensity_avg_delta": 2.371228397344618,
    "intensity_max_delta": 8.241932235584684,
    "harmony_range": 9.828015789677139,
    "harmony_avg_delta": 1.2379494559651794,